"fid (see mrktc_mrktactivities)","Unique Row ID (see mrktc_mrktactivities)","Unique Row ID (see mrktc_mrktactivities)","If no, which other species will you consider instead? (see mrktc_lkpothrspecies)","Unique Row Identifier (UUID)"
"975386","1","1","1","fd9a2674-beed-11eb-8cbd-5cb901ddeae0"
"975406","1","1","-66","fd6ccf06-beed-11eb-8cbd-5cb901ddeae0"
"975692","1","1","-66","f9e25b45-beed-11eb-8cbd-5cb901ddeae0"
"975692","1","1","1","f9e24758-beed-11eb-8cbd-5cb901ddeae0"
"975694","1","1","4","fd40b894-beed-11eb-8cbd-5cb901ddeae0"
"977649","1","1","1","fd47f19e-beed-11eb-8cbd-5cb901ddeae0"
"977651","1","1","4","fc609dc3-beed-11eb-8cbd-5cb901ddeae0"
"977652","1","1","1","fd95e464-beed-11eb-8cbd-5cb901ddeae0"
"977657","1","1","1","f8bf0b42-beed-11eb-8cbd-5cb901ddeae0"
"977657","1","1","4","f8befd4c-beed-11eb-8cbd-5cb901ddeae0"
"977661","1","1","1","fd4feb5c-beed-11eb-8cbd-5cb901ddeae0"
"977667","1","1","1","f7e488fc-beed-11eb-8cbd-5cb901ddeae0"
"977669","1","1","-66","fcc93f32-beed-11eb-8cbd-5cb901ddeae0"
"977670","1","1","1","fbc07bf5-beed-11eb-8cbd-5cb901ddeae0"
"977682","1","1","4","f8070285-beed-11eb-8cbd-5cb901ddeae0"
"977683","1","1","1","ff01b9da-beed-11eb-8cbd-5cb901ddeae0"
"977690","1","1","1","f7dcb709-beed-11eb-8cbd-5cb901ddeae0"
"977691","1","1","1","fb3bfa05-beed-11eb-8cbd-5cb901ddeae0"
"977693","1","1","4","fd91df4f-beed-11eb-8cbd-5cb901ddeae0"
"977975","1","1","-66","f982e9a2-beed-11eb-8cbd-5cb901ddeae0"
"980518","1","1","1","fd205ad0-beed-11eb-8cbd-5cb901ddeae0"
"980521","1","1","1","f972c174-beed-11eb-8cbd-5cb901ddeae0"
"980525","1","1","1","fc68385e-beed-11eb-8cbd-5cb901ddeae0"
"980526","1","1","1","fb60e5b0-beed-11eb-8cbd-5cb901ddeae0"
"980532","1","1","1","fd391c13-beed-11eb-8cbd-5cb901ddeae0"
"980543","1","1","1","fe73e3eb-beed-11eb-8cbd-5cb901ddeae0"
"980547","1","1","4","fa87d878-beed-11eb-8cbd-5cb901ddeae0"
"980548","1","1","3","fb9e6e6d-beed-11eb-8cbd-5cb901ddeae0"
"980548","1","1","4","fb9e597c-beed-11eb-8cbd-5cb901ddeae0"
"985950","1","1","4","fed65d22-beed-11eb-8cbd-5cb901ddeae0"
"985953","1","1","-66","fd08fea1-beed-11eb-8cbd-5cb901ddeae0"
"985954","1","1","-66","fdb13da3-beed-11eb-8cbd-5cb901ddeae0"
"985955","1","1","4","fb8273e2-beed-11eb-8cbd-5cb901ddeae0"
"985956","1","1","4","fe70559f-beed-11eb-8cbd-5cb901ddeae0"
"985957","1","1","4","fc5d4f06-beed-11eb-8cbd-5cb901ddeae0"
"986930","1","1","-66","fa25cd11-beed-11eb-8cbd-5cb901ddeae0"
"986933","1","1","4","f914bb5a-beed-11eb-8cbd-5cb901ddeae0"
"992819","1","1","4","fa1421b0-beed-11eb-8cbd-5cb901ddeae0"
"992820","1","1","4","feeb2867-beed-11eb-8cbd-5cb901ddeae0"
"992919","1","1","1","fdf1adc6-beed-11eb-8cbd-5cb901ddeae0"
"992919","1","1","4","fdf1be41-beed-11eb-8cbd-5cb901ddeae0"
"992919","1","1","5","fdf1cecb-beed-11eb-8cbd-5cb901ddeae0"
"992920","1","1","4","fd445998-beed-11eb-8cbd-5cb901ddeae0"
"992921","1","1","4","fa98db97-beed-11eb-8cbd-5cb901ddeae0"
"996124","1","1","-66","fd16bf89-beed-11eb-8cbd-5cb901ddeae0"
"996303","1","1","-66","f9bb8cd6-beed-11eb-8cbd-5cb901ddeae0"
"996307","1","1","-66","fc3f8027-beed-11eb-8cbd-5cb901ddeae0"
"998358","1","1","-66","f98d9b95-beed-11eb-8cbd-5cb901ddeae0"
"998420","1","1","-66","fb400f9b-beed-11eb-8cbd-5cb901ddeae0"
"998678","1","1","-66","fa049c3f-beed-11eb-8cbd-5cb901ddeae0"
"998680","1","1","-66","f847467b-beed-11eb-8cbd-5cb901ddeae0"
"998719","1","1","1","f7f87a6e-beed-11eb-8cbd-5cb901ddeae0"
"998721","1","1","-66","f9337e47-beed-11eb-8cbd-5cb901ddeae0"
"998724","1","1","1","fb15a2e9-beed-11eb-8cbd-5cb901ddeae0"
"998724","1","1","4","fb15b01c-beed-11eb-8cbd-5cb901ddeae0"
"998940","1","1","1","f8584108-beed-11eb-8cbd-5cb901ddeae0"
"998940","1","1","4","f8584f90-beed-11eb-8cbd-5cb901ddeae0"
"999404","1","1","1","faa564d0-beed-11eb-8cbd-5cb901ddeae0"
"999405","1","1","1","fdc0ef9e-beed-11eb-8cbd-5cb901ddeae0"
"999407","1","1","-66","f80d936f-beed-11eb-8cbd-5cb901ddeae0"
"999407","1","1","1","f80d8703-beed-11eb-8cbd-5cb901ddeae0"
"999408","1","1","1","f88522be-beed-11eb-8cbd-5cb901ddeae0"
"999412","1","1","1","fc99a8c2-beed-11eb-8cbd-5cb901ddeae0"
"999413","1","1","1","f8ccc323-beed-11eb-8cbd-5cb901ddeae0"
"999431","1","1","1","fd2bb1c6-beed-11eb-8cbd-5cb901ddeae0"
"999943","1","1","4","fc2a3098-beed-11eb-8cbd-5cb901ddeae0"
"999945","1","1","4","fa552324-beed-11eb-8cbd-5cb901ddeae0"
"1000115","1","1","4","fc34665c-beed-11eb-8cbd-5cb901ddeae0"
"1000119","1","1","1","fc6ed216-beed-11eb-8cbd-5cb901ddeae0"
"1000121","1","1","4","f92b20db-beed-11eb-8cbd-5cb901ddeae0"
"1000424","1","1","-66","fc6b8076-beed-11eb-8cbd-5cb901ddeae0"
"1000425","1","1","-66","f88b6497-beed-11eb-8cbd-5cb901ddeae0"
"1000426","1","1","-66","fe7ef48b-beed-11eb-8cbd-5cb901ddeae0"
"1000427","1","1","-66","f8b76e5c-beed-11eb-8cbd-5cb901ddeae0"
"1000431","1","1","-66","fefdb558-beed-11eb-8cbd-5cb901ddeae0"
"1000435","1","1","-66","fac6fa65-beed-11eb-8cbd-5cb901ddeae0"
"1000438","1","1","-66","fa60ce36-beed-11eb-8cbd-5cb901ddeae0"
"1000514","1","1","-66","f9686dac-beed-11eb-8cbd-5cb901ddeae0"
"1000515","1","1","-66","f824e9ef-beed-11eb-8cbd-5cb901ddeae0"
"1000516","1","1","-66","f9c83cee-beed-11eb-8cbd-5cb901ddeae0"
"1000517","1","1","-66","fc641b3f-beed-11eb-8cbd-5cb901ddeae0"
"1000518","1","1","-66","fc1beb9f-beed-11eb-8cbd-5cb901ddeae0"
"1000519","1","1","-66","fb642fc9-beed-11eb-8cbd-5cb901ddeae0"
"1000520","1","1","-66","f97ae24e-beed-11eb-8cbd-5cb901ddeae0"
"1000523","1","1","-66","fb7ed48a-beed-11eb-8cbd-5cb901ddeae0"
"1000524","1","1","-66","f9dee8e6-beed-11eb-8cbd-5cb901ddeae0"
"1000531","1","1","-66","fd30315e-beed-11eb-8cbd-5cb901ddeae0"
"1000533","1","1","-66","f9ea3051-beed-11eb-8cbd-5cb901ddeae0"
"1000535","1","1","-66","fc77e652-beed-11eb-8cbd-5cb901ddeae0"
"1000536","1","1","-66","fae6527a-beed-11eb-8cbd-5cb901ddeae0"
"1000538","1","1","-66","fdfc6969-beed-11eb-8cbd-5cb901ddeae0"
"1000540","1","1","-66","fbf13eef-beed-11eb-8cbd-5cb901ddeae0"
"1000637","1","1","-66","fe561807-beed-11eb-8cbd-5cb901ddeae0"
"1000638","1","1","-66","fa5d244d-beed-11eb-8cbd-5cb901ddeae0"
"1000651","1","1","-66","f9f8aade-beed-11eb-8cbd-5cb901ddeae0"
"1000668","1","1","-66","fc04b29b-beed-11eb-8cbd-5cb901ddeae0"
"1000811","1","1","1","feaae842-beed-11eb-8cbd-5cb901ddeae0"
"1000812","1","1","4","fddf318f-beed-11eb-8cbd-5cb901ddeae0"
"1003612","1","1","4","fc2d9c27-beed-11eb-8cbd-5cb901ddeae0"
"1003613","1","1","4","fbfd8be6-beed-11eb-8cbd-5cb901ddeae0"
"1003616","1","1","4","fdea4d11-beed-11eb-8cbd-5cb901ddeae0"
"1003618","1","1","4","f96f41ac-beed-11eb-8cbd-5cb901ddeae0"
"1003619","1","1","4","f99f07f0-beed-11eb-8cbd-5cb901ddeae0"
"1007777","1","1","4","f9377813-beed-11eb-8cbd-5cb901ddeae0"
"1007782","1","1","4","fc58ff94-beed-11eb-8cbd-5cb901ddeae0"
"1007836","1","1","4","f905ef2a-beed-11eb-8cbd-5cb901ddeae0"
"1007840","1","1","4","feb8fe6b-beed-11eb-8cbd-5cb901ddeae0"
"1007841","1","1","-66","fe06f28b-beed-11eb-8cbd-5cb901ddeae0"
"1007865","1","1","4","fbc3d371-beed-11eb-8cbd-5cb901ddeae0"
"1007867","1","1","4","fc4a55f7-beed-11eb-8cbd-5cb901ddeae0"
"1007870","1","1","-66","faeae491-beed-11eb-8cbd-5cb901ddeae0"
"1007873","1","1","-66","fab503de-beed-11eb-8cbd-5cb901ddeae0"
"1007879","1","1","-66","fcd166ec-beed-11eb-8cbd-5cb901ddeae0"
"1007880","1","1","4","f92f038a-beed-11eb-8cbd-5cb901ddeae0"
"1007882","1","1","-66","fe77fa44-beed-11eb-8cbd-5cb901ddeae0"
"1007890","1","1","4","f9978f41-beed-11eb-8cbd-5cb901ddeae0"
"1007892","1","1","-66","fdd7543a-beed-11eb-8cbd-5cb901ddeae0"
"1007894","1","1","4","fb0c1515-beed-11eb-8cbd-5cb901ddeae0"
"1007976","1","1","4","fa2babc0-beed-11eb-8cbd-5cb901ddeae0"
"1007979","1","1","4","fb1c294e-beed-11eb-8cbd-5cb901ddeae0"
"1007988","1","1","4","f9482211-beed-11eb-8cbd-5cb901ddeae0"
"1007992","1","1","4","fcf65d1d-beed-11eb-8cbd-5cb901ddeae0"
"1007993","1","1","-66","fbe93f61-beed-11eb-8cbd-5cb901ddeae0"
"1008009","1","1","4","fe1fe5d4-beed-11eb-8cbd-5cb901ddeae0"
"1008010","1","1","4","fad07643-beed-11eb-8cbd-5cb901ddeae0"
"1008012","1","1","-66","f918f3b4-beed-11eb-8cbd-5cb901ddeae0"
"1008012","1","1","1","f918dc8a-beed-11eb-8cbd-5cb901ddeae0"
"1008014","1","1","-66","fbb0f20d-beed-11eb-8cbd-5cb901ddeae0"
"1008018","1","1","-66","fcc56aa3-beed-11eb-8cbd-5cb901ddeae0"
"1008019","1","1","4","fbbc98d4-beed-11eb-8cbd-5cb901ddeae0"
"1008020","1","1","-66","fb47a3d9-beed-11eb-8cbd-5cb901ddeae0"
"1008025","1","1","-66","f817662f-beed-11eb-8cbd-5cb901ddeae0"
"1008026","1","1","4","f9d340c0-beed-11eb-8cbd-5cb901ddeae0"
"1010636","1","1","1","418b77a0-c253-11eb-8cbd-5cb901ddeae0"
"1010645","1","1","4","3a617461-c253-11eb-8cbd-5cb901ddeae0"
"1010794","1","1","4","3efab8b8-c253-11eb-8cbd-5cb901ddeae0"
"1010797","1","1","4","3db19112-c253-11eb-8cbd-5cb901ddeae0"
"1010799","1","1","4","40c0fc0f-c253-11eb-8cbd-5cb901ddeae0"
"1010802","1","1","4","41603daf-c253-11eb-8cbd-5cb901ddeae0"
"1010807","1","1","4","408cfc37-c253-11eb-8cbd-5cb901ddeae0"
"1010811","1","1","4","41d4eb90-c253-11eb-8cbd-5cb901ddeae0"
"1010819","1","1","4","3f023584-c253-11eb-8cbd-5cb901ddeae0"
"1010821","1","1","4","42bf064a-c253-11eb-8cbd-5cb901ddeae0"
"1010822","1","1","4","3ffdd92c-c253-11eb-8cbd-5cb901ddeae0"
"1010823","1","1","1","4235437c-c253-11eb-8cbd-5cb901ddeae0"
"1010823","1","1","4","4235363d-c253-11eb-8cbd-5cb901ddeae0"
"1010877","1","1","4","406eeab0-c253-11eb-8cbd-5cb901ddeae0"
"1010878","1","1","1","407643d1-c253-11eb-8cbd-5cb901ddeae0"
"1010878","1","1","4","407633ea-c253-11eb-8cbd-5cb901ddeae0"
"1010879","1","1","4","4282c9bb-c253-11eb-8cbd-5cb901ddeae0"
"1010880","1","1","4","4086dbb5-c253-11eb-8cbd-5cb901ddeae0"
"1010881","1","1","4","3e3f2eb3-c253-11eb-8cbd-5cb901ddeae0"
"1010882","1","1","4","41a43b39-c253-11eb-8cbd-5cb901ddeae0"
"1010883","1","1","4","3b364b93-c253-11eb-8cbd-5cb901ddeae0"
"1010884","1","1","4","3d617bdf-c253-11eb-8cbd-5cb901ddeae0"
"1010885","1","1","4","40fac069-c253-11eb-8cbd-5cb901ddeae0"
"1010886","1","1","4","3e11bd45-c253-11eb-8cbd-5cb901ddeae0"
"1010887","1","1","4","412d586b-c253-11eb-8cbd-5cb901ddeae0"
"1010888","1","1","4","3be86ab4-c253-11eb-8cbd-5cb901ddeae0"
"1010889","1","1","4","3a0dc0c2-c253-11eb-8cbd-5cb901ddeae0"
"1010890","1","1","4","3bc03e0b-c253-11eb-8cbd-5cb901ddeae0"
"1010891","1","1","4","3a8cda38-c253-11eb-8cbd-5cb901ddeae0"
"1010892","1","1","4","401a4450-c253-11eb-8cbd-5cb901ddeae0"
"1010894","1","1","4","3a782aaf-c253-11eb-8cbd-5cb901ddeae0"
"1010895","1","1","4","3e5e743c-c253-11eb-8cbd-5cb901ddeae0"
"1010896","1","1","1","40464760-c253-11eb-8cbd-5cb901ddeae0"
"1010897","1","1","1","42cd2e59-c253-11eb-8cbd-5cb901ddeae0"
"1010898","1","1","4","3d4fd235-c253-11eb-8cbd-5cb901ddeae0"
"1010899","1","1","1","417e465d-c253-11eb-8cbd-5cb901ddeae0"
"1010900","1","1","1","40c9bae6-c253-11eb-8cbd-5cb901ddeae0"
"1010901","1","1","4","3ddb812e-c253-11eb-8cbd-5cb901ddeae0"
"1010902","1","1","4","3dba1f52-c253-11eb-8cbd-5cb901ddeae0"
"1010903","1","1","4","3cb6f563-c253-11eb-8cbd-5cb901ddeae0"
"1010904","1","1","4","3aa778f3-c253-11eb-8cbd-5cb901ddeae0"
"1010906","1","1","4","3e9bcd5c-c253-11eb-8cbd-5cb901ddeae0"
"1011022","1","1","1","682688f8-c31c-11eb-8cbd-5cb901ddeae0"
"1011022","1","1","4","6826a38a-c31c-11eb-8cbd-5cb901ddeae0"
"1011162","1","1","1","623b04df-c31c-11eb-8cbd-5cb901ddeae0"
"1011163","1","1","1","6b2b287b-c31c-11eb-8cbd-5cb901ddeae0"
"1011174","1","1","1","6a87ccf0-c31c-11eb-8cbd-5cb901ddeae0"
"1016384","1","1","4","b817cdb3-d2d3-11eb-9de1-9440c9ab47f0"
"1020170","1","1","-66","0a7b17fe-d91d-11eb-9de1-9440c9ab47f0"
"1020179","1","1","-66","05d57311-d91d-11eb-9de1-9440c9ab47f0"
"1020184","1","1","-66","0d8e52be-d91d-11eb-9de1-9440c9ab47f0"
"1020193","1","1","-66","09392c58-d91d-11eb-9de1-9440c9ab47f0"
"1020197","1","1","-66","0714a97b-d91d-11eb-9de1-9440c9ab47f0"
"1020201","1","1","-66","0747f7cf-d91d-11eb-9de1-9440c9ab47f0"
"1020202","1","1","-66","077b91b5-d91d-11eb-9de1-9440c9ab47f0"
"1020208","1","1","-66","0bb68a9c-d91d-11eb-9de1-9440c9ab47f0"
"1020212","1","1","-66","0e6a06fa-d91d-11eb-9de1-9440c9ab47f0"
"1020219","1","1","1","04e8ec65-d91d-11eb-9de1-9440c9ab47f0"
"1020221","1","1","-66","090765c6-d91d-11eb-9de1-9440c9ab47f0"
"1070360","1","1","1","ebd25263-3c1f-11ec-ab28-9440c9ab47f0"
"1144525","1","1","1","28049e26-dc16-11ec-9416-9440c9ab47f0"
"1144529","1","1","4","27ef9e0f-dc16-11ec-9416-9440c9ab47f0"
"1144531","1","1","4","28add11b-dc16-11ec-9416-9440c9ab47f0"
"1144625","1","1","-66","74b2133c-dc08-11ec-9416-9440c9ab47f0"
"1144628","1","1","-66","6efa82fd-dc08-11ec-9416-9440c9ab47f0"
"1144635","1","1","-66","75cd846c-dc08-11ec-9416-9440c9ab47f0"
"1144637","1","1","-66","6d149b73-dc08-11ec-9416-9440c9ab47f0"
"1144638","1","1","-66","6c707c1a-dc08-11ec-9416-9440c9ab47f0"
"1145142","1","1","-66","6d775b85-dc08-11ec-9416-9440c9ab47f0"
"1145146","1","1","4","67510b36-dc08-11ec-9416-9440c9ab47f0"
"1145149","1","1","-66","712ae7b2-dc08-11ec-9416-9440c9ab47f0"
"1145153","1","1","-66","63c9039a-dc08-11ec-9416-9440c9ab47f0"
"1145586","1","1","1","2cd78f39-dc16-11ec-9416-9440c9ab47f0"
"1145596","1","1","1","21136a4d-dc16-11ec-9416-9440c9ab47f0"
"1145623","1","1","-66","3d5b3b3a-dc0e-11ec-9416-9440c9ab47f0"
"1145629","1","1","-66","40615c49-dc0e-11ec-9416-9440c9ab47f0"
"1145631","1","1","-66","38bc463d-dc0e-11ec-9416-9440c9ab47f0"
"1145640","1","1","1","3866436b-dc0e-11ec-9416-9440c9ab47f0"
"1145651","1","1","4","3be9f4d0-dc0e-11ec-9416-9440c9ab47f0"
"1145654","1","1","-66","41741ae3-dc0e-11ec-9416-9440c9ab47f0"
"1145659","1","1","4","47dd9792-dc0e-11ec-9416-9440c9ab47f0"
"1145660","1","1","4","3c1d07b1-dc0e-11ec-9416-9440c9ab47f0"
"1145662","1","1","4","41bb6d80-dc0e-11ec-9416-9440c9ab47f0"
"1145665","1","1","4","3d109a1e-dc0e-11ec-9416-9440c9ab47f0"
"1146648","1","1","-66","408e6616-dc0e-11ec-9416-9440c9ab47f0"
"1146650","1","1","4","3fd81697-dc0e-11ec-9416-9440c9ab47f0"
"1146651","1","1","-66","37e64ad7-dc0e-11ec-9416-9440c9ab47f0"
"1146653","1","1","-66","36dd0005-dc0e-11ec-9416-9440c9ab47f0"
"1146656","1","1","-66","44e23c75-dc0e-11ec-9416-9440c9ab47f0"
"1146657","1","1","-66","40a74c3a-dc0e-11ec-9416-9440c9ab47f0"
"1146660","1","1","-66","4822cd11-dc0e-11ec-9416-9440c9ab47f0"
"1146662","1","1","-66","40983fe6-dc0e-11ec-9416-9440c9ab47f0"
"1146664","1","1","-66","40de28f4-dc0e-11ec-9416-9440c9ab47f0"
"1146667","1","1","4","38819b57-dc0e-11ec-9416-9440c9ab47f0"
"1147089","1","1","1","29a3acb5-dc16-11ec-9416-9440c9ab47f0"
"1147339","1","1","-66","44c3d8e3-dc0e-11ec-9416-9440c9ab47f0"
"1147340","1","1","4","3cb8eb8b-dc0e-11ec-9416-9440c9ab47f0"
"1147343","1","1","-66","391ed54d-dc0e-11ec-9416-9440c9ab47f0"
"1147344","1","1","1","447a5f48-dc0e-11ec-9416-9440c9ab47f0"
"1147346","1","1","-66","3cc0f65f-dc0e-11ec-9416-9440c9ab47f0"
"1147347","1","1","4","479a618d-dc0e-11ec-9416-9440c9ab47f0"
"1147446","1","1","-66","39c5f867-dc0e-11ec-9416-9440c9ab47f0"
"1147449","1","1","-66","43721ec4-dc0e-11ec-9416-9440c9ab47f0"
"1147454","1","1","-66","41258f26-dc0e-11ec-9416-9440c9ab47f0"
"1147461","1","1","-66","3692ddd5-dc0e-11ec-9416-9440c9ab47f0"
"1147462","1","1","4","48107602-dc0e-11ec-9416-9440c9ab47f0"
"1147464","1","1","-66","3d285334-dc0e-11ec-9416-9440c9ab47f0"
"1147465","1","1","-66","37d24eee-dc0e-11ec-9416-9440c9ab47f0"
"1147468","1","1","-66","35d78d00-dc0e-11ec-9416-9440c9ab47f0"
"1147469","1","1","-66","459e274a-dc0e-11ec-9416-9440c9ab47f0"
"1147476","1","1","-66","3e302bcb-dc0e-11ec-9416-9440c9ab47f0"
"1148063","1","1","1","41a8aef2-dc0e-11ec-9416-9440c9ab47f0"
"1148068","1","1","1","434600b8-dc0e-11ec-9416-9440c9ab47f0"
"1148740","1","1","-66","41b70381-dc0e-11ec-9416-9440c9ab47f0"
"1148745","1","1","1","3eee6378-dc0e-11ec-9416-9440c9ab47f0"
"1148745","1","1","4","3eee5232-dc0e-11ec-9416-9440c9ab47f0"
"1148751","1","1","3","3f3232f1-dc0e-11ec-9416-9440c9ab47f0"
"1148751","1","1","4","3f32429c-dc0e-11ec-9416-9440c9ab47f0"
"1148821","1","1","4","39f25d44-dc0e-11ec-9416-9440c9ab47f0"
"1148840","1","1","-66","39cfa8a0-dc0e-11ec-9416-9440c9ab47f0"
"1148843","1","1","-66","4191d4e1-dc0e-11ec-9416-9440c9ab47f0"
"1148847","1","1","-66","4227aeed-dc0e-11ec-9416-9440c9ab47f0"
"1148852","1","1","4","432725cf-dc0e-11ec-9416-9440c9ab47f0"
"1150186","1","1","-66","98509966-dc14-11ec-9416-9440c9ab47f0"
"1150191","1","1","1","91421b97-dc14-11ec-9416-9440c9ab47f0"
"1150561","1","1","1","6ca9de5b-dc08-11ec-9416-9440c9ab47f0"
"1150561","1","1","3","6ca9fb5d-dc08-11ec-9416-9440c9ab47f0"
"1150561","1","1","4","6ca9cd60-dc08-11ec-9416-9440c9ab47f0"
"1150561","1","1","5","6ca9edcf-dc08-11ec-9416-9440c9ab47f0"
"1150563","1","1","-66","721e1df0-dc08-11ec-9416-9440c9ab47f0"
"1150564","1","1","-66","6a9097cc-dc08-11ec-9416-9440c9ab47f0"
"1150718","1","1","4","733a8d3d-dc08-11ec-9416-9440c9ab47f0"
"1150719","1","1","3","658f36b6-dc08-11ec-9416-9440c9ab47f0"
"1150722","1","1","4","68946bb3-dc08-11ec-9416-9440c9ab47f0"
"1150724","1","1","4","7086a5f3-dc08-11ec-9416-9440c9ab47f0"
"1151110","1","1","-66","6ff5e102-dc08-11ec-9416-9440c9ab47f0"
"1151111","1","1","-66","70c55c01-dc08-11ec-9416-9440c9ab47f0"
"1151675","1","1","-66","6f3e3567-dc08-11ec-9416-9440c9ab47f0"
"1151678","1","1","-66","77e74926-dc08-11ec-9416-9440c9ab47f0"
"1151683","1","1","1","6941e3ab-dc08-11ec-9416-9440c9ab47f0"
"1151683","1","1","4","6941f233-dc08-11ec-9416-9440c9ab47f0"
"1151686","1","1","4","65324f54-dc08-11ec-9416-9440c9ab47f0"
"1151694","1","1","4","6454c9b0-dc08-11ec-9416-9440c9ab47f0"
"1151698","1","1","1","66d4a962-dc08-11ec-9416-9440c9ab47f0"
"1151698","1","1","4","66d4904f-dc08-11ec-9416-9440c9ab47f0"
"1151701","1","1","3","6a2b4caf-dc08-11ec-9416-9440c9ab47f0"
"1151701","1","1","4","6a2b3a14-dc08-11ec-9416-9440c9ab47f0"
"1151702","1","1","3","63a2e85a-dc08-11ec-9416-9440c9ab47f0"
"1151702","1","1","4","63a2dbb3-dc08-11ec-9416-9440c9ab47f0"
"1151703","1","1","3","72e50877-dc08-11ec-9416-9440c9ab47f0"
"1151703","1","1","4","72e51815-dc08-11ec-9416-9440c9ab47f0"
"1151707","1","1","3","66ed07a0-dc08-11ec-9416-9440c9ab47f0"
"1151707","1","1","4","66ed16a9-dc08-11ec-9416-9440c9ab47f0"
"1151713","1","1","1","636269a8-dc08-11ec-9416-9440c9ab47f0"
"1151722","1","1","-66","979a2aab-dc14-11ec-9416-9440c9ab47f0"
"1151732","1","1","-66","967b4422-dc14-11ec-9416-9440c9ab47f0"
"1151737","1","1","-66","95aa9030-dc14-11ec-9416-9440c9ab47f0"
"1151764","1","1","1","9bf4a35c-dc14-11ec-9416-9440c9ab47f0"
"1151787","1","1","-66","72222742-dc08-11ec-9416-9440c9ab47f0"
"1151788","1","1","1","684a2b5d-dc08-11ec-9416-9440c9ab47f0"
"1151791","1","1","1","77d8d520-dc08-11ec-9416-9440c9ab47f0"
"1151797","1","1","1","6b3c20e7-dc08-11ec-9416-9440c9ab47f0"
"1152380","1","1","-66","6787c683-dc08-11ec-9416-9440c9ab47f0"
"1152386","1","1","4","704fc644-dc08-11ec-9416-9440c9ab47f0"
"1152419","1","1","-66","6783acf3-dc08-11ec-9416-9440c9ab47f0"
"1152421","1","1","-66","741643d0-dc08-11ec-9416-9440c9ab47f0"
"1152422","1","1","-66","74997de0-dc08-11ec-9416-9440c9ab47f0"
"1152425","1","1","-66","6ab4bbbc-dc08-11ec-9416-9440c9ab47f0"
"1152523","1","1","-66","734dbb56-dc08-11ec-9416-9440c9ab47f0"
"1152526","1","1","-66","67074fbf-dc08-11ec-9416-9440c9ab47f0"
"1152527","1","1","-66","66197fce-dc08-11ec-9416-9440c9ab47f0"
"1152528","1","1","-66","6b1df981-dc08-11ec-9416-9440c9ab47f0"
"1152529","1","1","-66","670e2262-dc08-11ec-9416-9440c9ab47f0"
"1152530","1","1","4","75455e9b-dc08-11ec-9416-9440c9ab47f0"
"1152533","1","1","4","6c34ca7d-dc08-11ec-9416-9440c9ab47f0"
"1152538","1","1","-66","635ebf54-dc08-11ec-9416-9440c9ab47f0"
"1152593","1","1","1","73e93c1e-dc08-11ec-9416-9440c9ab47f0"
"1152594","1","1","1","73f21c85-dc08-11ec-9416-9440c9ab47f0"
"1152608","1","1","-66","6c5c8622-dc08-11ec-9416-9440c9ab47f0"
"1152608","1","1","1","6c5cb216-dc08-11ec-9416-9440c9ab47f0"
"1153212","1","1","4","c869f4fd-dc6d-11ec-9416-9440c9ab47f0"
"1153213","1","1","-66","b7b4d1ba-dc6d-11ec-9416-9440c9ab47f0"
"1153219","1","1","4","b5eba02c-dc6d-11ec-9416-9440c9ab47f0"
"1153326","1","1","4","b897e3e3-dc6d-11ec-9416-9440c9ab47f0"
"1153349","1","1","3","b9c65df1-dc6d-11ec-9416-9440c9ab47f0"
"1153349","1","1","4","b9c67765-dc6d-11ec-9416-9440c9ab47f0"
"1153352","1","1","4","bc376646-dc6d-11ec-9416-9440c9ab47f0"
"1153353","1","1","4","b640acf2-dc6d-11ec-9416-9440c9ab47f0"
"1153355","1","1","4","b6be95ab-dc6d-11ec-9416-9440c9ab47f0"
"1153359","1","1","4","b5908fc1-dc6d-11ec-9416-9440c9ab47f0"
"1153360","1","1","4","c8dc383b-dc6d-11ec-9416-9440c9ab47f0"
"1153377","1","1","-66","b9de0f8f-dc6d-11ec-9416-9440c9ab47f0"
"1153379","1","1","1","c26074ff-dc6d-11ec-9416-9440c9ab47f0"
"1153380","1","1","-66","bbcd17e6-dc6d-11ec-9416-9440c9ab47f0"
"1153382","1","1","-66","c1f338a0-dc6d-11ec-9416-9440c9ab47f0"
"1153396","1","1","1","b7a46309-dc6d-11ec-9416-9440c9ab47f0"
"1153498","1","1","1","e35c4aa8-dd36-11ec-9416-9440c9ab47f0"
"1153504","1","1","1","dfe947e3-dd36-11ec-9416-9440c9ab47f0"
"1153592","1","1","1","e822264c-dd36-11ec-9416-9440c9ab47f0"
"1153598","1","1","4","df8a1cdd-dd36-11ec-9416-9440c9ab47f0"
"1153720","1","1","1","f13afb01-dd36-11ec-9416-9440c9ab47f0"
"1153722","1","1","4","e5b04fd6-dd36-11ec-9416-9440c9ab47f0"
"1153724","1","1","4","f222f967-dd36-11ec-9416-9440c9ab47f0"
"1153822","1","1","-66","eb3ed8eb-dd36-11ec-9416-9440c9ab47f0"
"1153825","1","1","-66","e6d9e3b1-dd36-11ec-9416-9440c9ab47f0"
"1153826","1","1","-66","e7b290a7-dd36-11ec-9416-9440c9ab47f0"
"1153835","1","1","4","f33c0afc-dd36-11ec-9416-9440c9ab47f0"
"1153836","1","1","3","f2a6cde6-dd36-11ec-9416-9440c9ab47f0"
"1153930","1","1","3","ea41b11d-dd36-11ec-9416-9440c9ab47f0"
"1153931","1","1","4","ebcb9db5-dd36-11ec-9416-9440c9ab47f0"
"1153937","1","1","1","f508706e-dd36-11ec-9416-9440c9ab47f0"
"1153938","1","1","4","e25f1713-dd36-11ec-9416-9440c9ab47f0"
"1153942","1","1","1","e3d5cb22-dd36-11ec-9416-9440c9ab47f0"
"1153947","1","1","-66","e9a663bc-dd36-11ec-9416-9440c9ab47f0"
"1153949","1","1","-66","f51f5dcf-dd36-11ec-9416-9440c9ab47f0"
"1153950","1","1","-66","f4d1a994-dd36-11ec-9416-9440c9ab47f0"
"1153952","1","1","-66","e8b7164a-dd36-11ec-9416-9440c9ab47f0"
"1153953","1","1","-66","f46e2cce-dd36-11ec-9416-9440c9ab47f0"
"1153957","1","1","-66","ef39b23d-dd36-11ec-9416-9440c9ab47f0"
"1153958","1","1","-66","ef134074-dd36-11ec-9416-9440c9ab47f0"
"1153962","1","1","-66","e7c17754-dd36-11ec-9416-9440c9ab47f0"
"1153967","1","1","4","f264a5c6-dd36-11ec-9416-9440c9ab47f0"
"1153968","1","1","-66","eb64de41-dd36-11ec-9416-9440c9ab47f0"
"1153973","1","1","1","efa3b28e-dd36-11ec-9416-9440c9ab47f0"
"1154059","1","1","4","e48fd162-dd36-11ec-9416-9440c9ab47f0"
"1154070","1","1","4","e662adb1-dd36-11ec-9416-9440c9ab47f0"
"1154071","1","1","4","f5a652e6-dd36-11ec-9416-9440c9ab47f0"
"1154088","1","1","4","ef1d0c7b-dd36-11ec-9416-9440c9ab47f0"
"1154192","1","1","-66","1724461e-de00-11ec-9416-9440c9ab47f0"
"1154197","1","1","-66","0b4b32cb-de00-11ec-9416-9440c9ab47f0"
"1154198","1","1","-66","10d69bf1-de00-11ec-9416-9440c9ab47f0"
"1154199","1","1","-66","0d3e5abd-de00-11ec-9416-9440c9ab47f0"
"1154208","1","1","-66","1af85e79-de00-11ec-9416-9440c9ab47f0"
"1154212","1","1","-66","0fc72b97-de00-11ec-9416-9440c9ab47f0"
"1154213","1","1","-66","19e562cc-de00-11ec-9416-9440c9ab47f0"
"1154215","1","1","-66","0e483d23-de00-11ec-9416-9440c9ab47f0"
"1154222","1","1","-66","1d1c934b-de00-11ec-9416-9440c9ab47f0"
"1154226","1","1","-66","13e5435f-de00-11ec-9416-9440c9ab47f0"
"1154228","1","1","-66","1922755b-de00-11ec-9416-9440c9ab47f0"
"1154279","1","1","3","14e0fad1-de00-11ec-9416-9440c9ab47f0"
"1154279","1","1","4","14e1142b-de00-11ec-9416-9440c9ab47f0"
"1154281","1","1","3","12f211cb-de00-11ec-9416-9440c9ab47f0"
"1154281","1","1","4","12f20137-de00-11ec-9416-9440c9ab47f0"
"1154282","1","1","3","162c5edb-de00-11ec-9416-9440c9ab47f0"
"1154282","1","1","4","162c6ae7-de00-11ec-9416-9440c9ab47f0"
"1154287","1","1","4","1b850890-de00-11ec-9416-9440c9ab47f0"
"1154289","1","1","4","0ad393d1-de00-11ec-9416-9440c9ab47f0"
"1154318","1","1","3","1190e81e-de00-11ec-9416-9440c9ab47f0"
"1154318","1","1","4","1190f44b-de00-11ec-9416-9440c9ab47f0"
"1154322","1","1","3","1d29567a-de00-11ec-9416-9440c9ab47f0"
"1154322","1","1","4","1d296358-de00-11ec-9416-9440c9ab47f0"
"1154384","1","1","4","1b400287-de00-11ec-9416-9440c9ab47f0"
"1154385","1","1","4","230046d6-de00-11ec-9416-9440c9ab47f0"
"1154387","1","1","4","0fcf67b7-de00-11ec-9416-9440c9ab47f0"
"1154388","1","1","4","21ff3e9c-de00-11ec-9416-9440c9ab47f0"
"1154389","1","1","4","1e357552-de00-11ec-9416-9440c9ab47f0"
"1154390","1","1","4","16ce0060-de00-11ec-9416-9440c9ab47f0"
"1154398","1","1","-66","10f39c02-de00-11ec-9416-9440c9ab47f0"
"1154773","1","1","1","47ca75fa-dec9-11ec-9416-9440c9ab47f0"
"1154804","1","1","4","41b8a86a-dec9-11ec-9416-9440c9ab47f0"
"1154805","1","1","-66","43e06496-dec9-11ec-9416-9440c9ab47f0"
"1154808","1","1","4","46030bc3-dec9-11ec-9416-9440c9ab47f0"
"1154810","1","1","-66","4737089f-dec9-11ec-9416-9440c9ab47f0"
"1154812","1","1","4","47d4b17a-dec9-11ec-9416-9440c9ab47f0"
"1154813","1","1","4","3cfe7e68-dec9-11ec-9416-9440c9ab47f0"
"1154818","1","1","-66","4a170f95-dec9-11ec-9416-9440c9ab47f0"
"1154821","1","1","-66","506c5748-dec9-11ec-9416-9440c9ab47f0"
"1154857","1","1","1","39f48327-dec9-11ec-9416-9440c9ab47f0"
"1154859","1","1","1","3825ba98-dec9-11ec-9416-9440c9ab47f0"
"1154864","1","1","3","3f7ba628-dec9-11ec-9416-9440c9ab47f0"
"1154864","1","1","4","3f7b9a70-dec9-11ec-9416-9440c9ab47f0"
"1154875","1","1","-66","3ea304c6-dec9-11ec-9416-9440c9ab47f0"
"1154876","1","1","1","4429a395-dec9-11ec-9416-9440c9ab47f0"
"1154879","1","1","1","429c2078-dec9-11ec-9416-9440c9ab47f0"
"1154880","1","1","-66","360b759c-dec9-11ec-9416-9440c9ab47f0"
"1154890","1","1","-66","3b89ad62-dec9-11ec-9416-9440c9ab47f0"
"1154891","1","1","-66","4c45edd8-dec9-11ec-9416-9440c9ab47f0"
"1154902","1","1","4","426d462b-dec9-11ec-9416-9440c9ab47f0"
"1154911","1","1","-66","4de4cd7b-dec9-11ec-9416-9440c9ab47f0"
"1154912","1","1","4","46511dfd-dec9-11ec-9416-9440c9ab47f0"
"1154916","1","1","-66","4b9c4965-dec9-11ec-9416-9440c9ab47f0"
"1154917","1","1","-66","4c4de059-dec9-11ec-9416-9440c9ab47f0"
"1155170","1","1","-66","7c7505d5-df92-11ec-9416-9440c9ab47f0"
"1155171","1","1","1","62292b58-df92-11ec-9416-9440c9ab47f0"
"1155174","1","1","-66","65032ba2-df92-11ec-9416-9440c9ab47f0"
"1155176","1","1","4","6beb1144-df92-11ec-9416-9440c9ab47f0"
"1155179","1","1","4","761032ea-df92-11ec-9416-9440c9ab47f0"
"1155284","1","1","-66","6cd174ef-df92-11ec-9416-9440c9ab47f0"
"1155285","1","1","-66","77d1f0bd-df92-11ec-9416-9440c9ab47f0"
"1155295","1","1","4","6d1fa11f-df92-11ec-9416-9440c9ab47f0"
"1155297","1","1","4","6df2b891-df92-11ec-9416-9440c9ab47f0"
"1155299","1","1","4","73ce16ad-df92-11ec-9416-9440c9ab47f0"
"1155304","1","1","4","61841a34-df92-11ec-9416-9440c9ab47f0"
"1155309","1","1","4","69ab83cf-df92-11ec-9416-9440c9ab47f0"
"1155319","1","1","-66","61422136-df92-11ec-9416-9440c9ab47f0"
"1155319","1","1","1","61423172-df92-11ec-9416-9440c9ab47f0"
"1155322","1","1","-66","75a2fea0-df92-11ec-9416-9440c9ab47f0"
"1155335","1","1","1","6f420408-df92-11ec-9416-9440c9ab47f0"
"1155336","1","1","1","7529be78-df92-11ec-9416-9440c9ab47f0"
"1155338","1","1","3","778b6278-df92-11ec-9416-9440c9ab47f0"
"1155342","1","1","1","6a3d2af7-df92-11ec-9416-9440c9ab47f0"
"1155345","1","1","3","78ed3c0f-df92-11ec-9416-9440c9ab47f0"
"1155345","1","1","4","78ed46d3-df92-11ec-9416-9440c9ab47f0"
"1155346","1","1","3","6807980e-df92-11ec-9416-9440c9ab47f0"
"1155488","1","1","1","a5e05dcb-e05b-11ec-9416-9440c9ab47f0"
"1155687","1","1","-66","a4194b13-e05b-11ec-9416-9440c9ab47f0"
"1155690","1","1","-66","a131dbce-e05b-11ec-9416-9440c9ab47f0"
"1155703","1","1","-66","9ae5e8fe-e05b-11ec-9416-9440c9ab47f0"
"1155726","1","1","-66","981f457b-e05b-11ec-9416-9440c9ab47f0"
"1155729","1","1","-66","8c640b46-e05b-11ec-9416-9440c9ab47f0"
"1155750","1","1","-66","94154fed-e05b-11ec-9416-9440c9ab47f0"
"1155768","1","1","4","95e65a5f-e05b-11ec-9416-9440c9ab47f0"
"1155772","1","1","4","862b130b-e05b-11ec-9416-9440c9ab47f0"
"1155777","1","1","1","97bd3527-e05b-11ec-9416-9440c9ab47f0"
"1155778","1","1","4","8d52f127-e05b-11ec-9416-9440c9ab47f0"
"1155781","1","1","-66","877feba6-e05b-11ec-9416-9440c9ab47f0"
"1155795","1","1","1","9c77a0f4-e05b-11ec-9416-9440c9ab47f0"
"1155796","1","1","1","9e7ba805-e05b-11ec-9416-9440c9ab47f0"
"1155798","1","1","1","9c3a84cc-e05b-11ec-9416-9440c9ab47f0"
"1155798","1","1","3","9c3a9057-e05b-11ec-9416-9440c9ab47f0"
"1155799","1","1","4","a55fee57-e05b-11ec-9416-9440c9ab47f0"
"1155800","1","1","1","8f0aa651-e05b-11ec-9416-9440c9ab47f0"
"1155803","1","1","-66","9dfd78d4-e05b-11ec-9416-9440c9ab47f0"
"1155807","1","1","-66","8455bf20-e05b-11ec-9416-9440c9ab47f0"
"1155811","1","1","1","89b25879-e05b-11ec-9416-9440c9ab47f0"
"1155812","1","1","4","861d4ab8-e05b-11ec-9416-9440c9ab47f0"
"1155815","1","1","4","92bd2b78-e05b-11ec-9416-9440c9ab47f0"
"1155820","1","1","1","9b609696-e05b-11ec-9416-9440c9ab47f0"
"1155823","1","1","4","96e88a0a-e05b-11ec-9416-9440c9ab47f0"
"1155828","1","1","4","8460ed09-e05b-11ec-9416-9440c9ab47f0"
"1155833","1","1","4","965a4a96-e05b-11ec-9416-9440c9ab47f0"
"1155835","1","1","4","a49d4856-e05b-11ec-9416-9440c9ab47f0"
"1156377","1","1","-66","c4db31c7-e124-11ec-9416-9440c9ab47f0"
"1156380","1","1","-66","c1283b68-e124-11ec-9416-9440c9ab47f0"
"1156381","1","1","1","bce7eb17-e124-11ec-9416-9440c9ab47f0"
"1156384","1","1","-66","c3017e7a-e124-11ec-9416-9440c9ab47f0"
"1156386","1","1","-66","bd879130-e124-11ec-9416-9440c9ab47f0"
"1156393","1","1","-66","c41de1ea-e124-11ec-9416-9440c9ab47f0"
"1156504","1","1","1","c501741b-e124-11ec-9416-9440c9ab47f0"
"1156506","1","1","4","c289cd96-e124-11ec-9416-9440c9ab47f0"
"1156507","1","1","-66","b563ce8f-e124-11ec-9416-9440c9ab47f0"
"1156583","1","1","4","cc40d727-e124-11ec-9416-9440c9ab47f0"
"1156584","1","1","3","b5cba87b-e124-11ec-9416-9440c9ab47f0"
"1156584","1","1","4","b5cb9795-e124-11ec-9416-9440c9ab47f0"
"1156586","1","1","4","b8288334-e124-11ec-9416-9440c9ab47f0"
"1156587","1","1","4","bbb65e7b-e124-11ec-9416-9440c9ab47f0"
"1156588","1","1","4","b7bfacbc-e124-11ec-9416-9440c9ab47f0"
"1156590","1","1","4","bf7bdef4-e124-11ec-9416-9440c9ab47f0"
"1156591","1","1","3","d3ab54e6-e124-11ec-9416-9440c9ab47f0"
"1156591","1","1","4","d3ab4979-e124-11ec-9416-9440c9ab47f0"
"1156593","1","1","4","b53818da-e124-11ec-9416-9440c9ab47f0"
"1156597","1","1","4","d0e9a2ea-e124-11ec-9416-9440c9ab47f0"
"1156599","1","1","4","cf7d844f-e124-11ec-9416-9440c9ab47f0"
"1156601","1","1","3","c9303438-e124-11ec-9416-9440c9ab47f0"
"1156601","1","1","4","c93029af-e124-11ec-9416-9440c9ab47f0"
"1156602","1","1","3","c462a490-e124-11ec-9416-9440c9ab47f0"
"1156602","1","1","4","c462b0f6-e124-11ec-9416-9440c9ab47f0"
"1156603","1","1","4","bfcdc14d-e124-11ec-9416-9440c9ab47f0"
"1156605","1","1","-66","c716c312-e124-11ec-9416-9440c9ab47f0"
"1156617","1","1","3","bf9b3805-e124-11ec-9416-9440c9ab47f0"
"1156617","1","1","4","bf9b42dc-e124-11ec-9416-9440c9ab47f0"
"1156768","1","1","4","f42968bd-e1ed-11ec-9416-9440c9ab47f0"
"1156769","1","1","-66","e6a51604-e1ed-11ec-9416-9440c9ab47f0"
"1156772","1","1","-66","017696f4-e1ee-11ec-9416-9440c9ab47f0"
"1156776","1","1","1","e3b886a6-e1ed-11ec-9416-9440c9ab47f0"
"1156778","1","1","4","fe933d53-e1ed-11ec-9416-9440c9ab47f0"
"1156794","1","1","1","e6200542-e1ed-11ec-9416-9440c9ab47f0"
"1156796","1","1","1","ea448350-e1ed-11ec-9416-9440c9ab47f0"
"1156797","1","1","1","e0e45dd9-e1ed-11ec-9416-9440c9ab47f0"
"1156803","1","1","-66","eb07ae23-e1ed-11ec-9416-9440c9ab47f0"
"1156809","1","1","4","eb91922d-e1ed-11ec-9416-9440c9ab47f0"
"1156813","1","1","4","ff4163be-e1ed-11ec-9416-9440c9ab47f0"
"1156816","1","1","4","fbf02c8a-e1ed-11ec-9416-9440c9ab47f0"
"1156818","1","1","4","016625ec-e1ee-11ec-9416-9440c9ab47f0"
"1156819","1","1","4","eb8d05b2-e1ed-11ec-9416-9440c9ab47f0"
"1156821","1","1","4","e647015e-e1ed-11ec-9416-9440c9ab47f0"
"1156822","1","1","4","e6ee801a-e1ed-11ec-9416-9440c9ab47f0"
"1156823","1","1","3","e4c973e2-e1ed-11ec-9416-9440c9ab47f0"
"1156823","1","1","4","e4c98157-e1ed-11ec-9416-9440c9ab47f0"
"1156825","1","1","4","f1990a19-e1ed-11ec-9416-9440c9ab47f0"
"1156826","1","1","3","e6062629-e1ed-11ec-9416-9440c9ab47f0"
"1156827","1","1","4","f5cc8b69-e1ed-11ec-9416-9440c9ab47f0"
"1156844","1","1","1","fbfbd917-e1ed-11ec-9416-9440c9ab47f0"
"1156848","1","1","4","e78acc4c-e1ed-11ec-9416-9440c9ab47f0"
"1156851","1","1","4","fa6c52a4-e1ed-11ec-9416-9440c9ab47f0"
"1157000","1","1","-66","e0ffc2fe-e1ed-11ec-9416-9440c9ab47f0"
"1157001","1","1","-66","f00420ce-e1ed-11ec-9416-9440c9ab47f0"
"1157005","1","1","4","02b5c534-eb5c-11ec-9416-9440c9ab47f0"
"1157006","1","1","4","0ce5fd69-eb5c-11ec-9416-9440c9ab47f0"
"1157011","1","1","3","127f48cb-eb5c-11ec-9416-9440c9ab47f0"
"1157012","1","1","3","0efb9bd4-eb5c-11ec-9416-9440c9ab47f0"
"1157012","1","1","4","0efb7e60-eb5c-11ec-9416-9440c9ab47f0"
"1157022","1","1","-66","1530b763-eb5c-11ec-9416-9440c9ab47f0"
"1157033","1","1","1","1201872a-eb5c-11ec-9416-9440c9ab47f0"
"1157036","1","1","-66","0f5fab8e-eb5c-11ec-9416-9440c9ab47f0"
"1157040","1","1","1","0287bbc8-eb5c-11ec-9416-9440c9ab47f0"
"1157043","1","1","-66","e6a56c37-eb5b-11ec-9416-9440c9ab47f0"
"1157044","1","1","1","06702c69-eb5c-11ec-9416-9440c9ab47f0"
"1157048","1","1","3","15ea4308-eb5c-11ec-9416-9440c9ab47f0"
"1157048","1","1","4","15ea4e89-eb5c-11ec-9416-9440c9ab47f0"
"1157049","1","1","4","10255dad-eb5c-11ec-9416-9440c9ab47f0"
"1157053","1","1","1","e8219a7f-eb5b-11ec-9416-9440c9ab47f0"
"1157201","1","1","4","208fed9f-e2b7-11ec-9416-9440c9ab47f0"
"1157203","1","1","4","16ed983c-e2b7-11ec-9416-9440c9ab47f0"
"1157209","1","1","4","12c8e79d-e2b7-11ec-9416-9440c9ab47f0"
"1157210","1","1","4","1c82e8b6-e2b7-11ec-9416-9440c9ab47f0"
"1157286","1","1","-66","15e949a3-e2b7-11ec-9416-9440c9ab47f0"
"1157371","1","1","1","2141c43c-e2b7-11ec-9416-9440c9ab47f0"
"1157375","1","1","1","2a72e19e-e2b7-11ec-9416-9440c9ab47f0"
"1157400","1","1","-66","1b485afb-e2b7-11ec-9416-9440c9ab47f0"
"1157403","1","1","4","1ace16a8-e2b7-11ec-9416-9440c9ab47f0"
"1157405","1","1","-66","198409ae-e2b7-11ec-9416-9440c9ab47f0"
"1157473","1","1","4","19eb6813-e2b7-11ec-9416-9440c9ab47f0"
"1157531","1","1","4","2c88d7db-e2b7-11ec-9416-9440c9ab47f0"
"1157630","1","1","-66","3b38fafa-e380-11ec-9416-9440c9ab47f0"
"1157691","1","1","1","49b1e5c0-e380-11ec-9416-9440c9ab47f0"
"1157693","1","1","1","401a214d-e380-11ec-9416-9440c9ab47f0"
"1157703","1","1","3","3ab49cbe-e380-11ec-9416-9440c9ab47f0"
"1157703","1","1","4","3ab48e94-e380-11ec-9416-9440c9ab47f0"
"1157705","1","1","4","597bc14c-e380-11ec-9416-9440c9ab47f0"
"1157706","1","1","3","49a7488f-e380-11ec-9416-9440c9ab47f0"
"1157706","1","1","4","49a73bd9-e380-11ec-9416-9440c9ab47f0"
"1157712","1","1","-66","45ad22b6-e380-11ec-9416-9440c9ab47f0"
"1157726","1","1","-66","46d84da2-e380-11ec-9416-9440c9ab47f0"
"1157727","1","1","4","463b5a1a-e380-11ec-9416-9440c9ab47f0"
"1157731","1","1","3","58c483fc-e380-11ec-9416-9440c9ab47f0"
"1157731","1","1","4","58c49143-e380-11ec-9416-9440c9ab47f0"
"1157733","1","1","-66","533652c5-e380-11ec-9416-9440c9ab47f0"
"1157736","1","1","4","3ea51006-e380-11ec-9416-9440c9ab47f0"
"1157738","1","1","-66","4acd1de4-e380-11ec-9416-9440c9ab47f0"
"1157739","1","1","1","4054aedc-e380-11ec-9416-9440c9ab47f0"
"1157886","1","1","-66","f230b8c7-eb5b-11ec-9416-9440c9ab47f0"
"1157891","1","1","4","04a280a5-eb5c-11ec-9416-9440c9ab47f0"
"1157899","1","1","-66","0a7c9579-eb5c-11ec-9416-9440c9ab47f0"
"1157902","1","1","3","fd91f619-eb5b-11ec-9416-9440c9ab47f0"
"1157902","1","1","4","fd91e954-eb5b-11ec-9416-9440c9ab47f0"
"1157908","1","1","1","04c20443-eb5c-11ec-9416-9440c9ab47f0"
"1157911","1","1","4","f04efb1c-eb5b-11ec-9416-9440c9ab47f0"
"1157915","1","1","3","f7e137ac-eb5b-11ec-9416-9440c9ab47f0"
"1157915","1","1","4","f7e12b00-eb5b-11ec-9416-9440c9ab47f0"
"1157916","1","1","4","fe466be8-eb5b-11ec-9416-9440c9ab47f0"
"1157919","1","1","1","ea837efc-eb5b-11ec-9416-9440c9ab47f0"
"1157919","1","1","4","ea8371f7-eb5b-11ec-9416-9440c9ab47f0"
"1157925","1","1","-66","fe4a15a4-eb5b-11ec-9416-9440c9ab47f0"
"1157929","1","1","-66","e91e29ea-eb5b-11ec-9416-9440c9ab47f0"
"1157944","1","1","1","0ccba270-eb5c-11ec-9416-9440c9ab47f0"
"1157944","1","1","4","0ccbadb0-eb5c-11ec-9416-9440c9ab47f0"
"1157945","1","1","4","14af2e21-eb5c-11ec-9416-9440c9ab47f0"
"1157972","1","1","1","eda7297e-eb5b-11ec-9416-9440c9ab47f0"
"1157973","1","1","4","fe2de9cf-eb5b-11ec-9416-9440c9ab47f0"
"1157983","1","1","3","f4a8fd70-eb5b-11ec-9416-9440c9ab47f0"
"1157983","1","1","4","f4a8ef6c-eb5b-11ec-9416-9440c9ab47f0"
"1158087","1","1","-66","7aab52ba-e449-11ec-9416-9440c9ab47f0"
"1158090","1","1","4","7c542313-e449-11ec-9416-9440c9ab47f0"
"1158098","1","1","-66","85954393-e449-11ec-9416-9440c9ab47f0"
"1158199","1","1","1","7334e575-e449-11ec-9416-9440c9ab47f0"
"1158200","1","1","-66","8621ee04-e449-11ec-9416-9440c9ab47f0"
"1158203","1","1","-66","638d7c24-e449-11ec-9416-9440c9ab47f0"
"1158204","1","1","-66","79727139-e449-11ec-9416-9440c9ab47f0"
"1158205","1","1","-66","70c7b767-e449-11ec-9416-9440c9ab47f0"
"1158206","1","1","-66","8701ca47-e449-11ec-9416-9440c9ab47f0"
"1158216","1","1","-66","7c5f6912-e449-11ec-9416-9440c9ab47f0"
"1158217","1","1","1","715efb52-e449-11ec-9416-9440c9ab47f0"
"1158256","1","1","4","667f6ae6-e449-11ec-9416-9440c9ab47f0"
"1158259","1","1","3","74e07ff3-e449-11ec-9416-9440c9ab47f0"
"1158259","1","1","4","74e074c6-e449-11ec-9416-9440c9ab47f0"
"1158262","1","1","-66","8785cb97-e449-11ec-9416-9440c9ab47f0"
"1158264","1","1","4","67043673-e449-11ec-9416-9440c9ab47f0"
"1158267","1","1","4","705d5bc2-e449-11ec-9416-9440c9ab47f0"
"1158269","1","1","4","6d8b24e4-e449-11ec-9416-9440c9ab47f0"
"1158292","1","1","-66","7185fa29-e449-11ec-9416-9440c9ab47f0"
"1158317","1","1","3","7f776ab5-e449-11ec-9416-9440c9ab47f0"
"1158317","1","1","4","7f775e01-e449-11ec-9416-9440c9ab47f0"
"1158450","1","1","1","a6dac288-e512-11ec-9416-9440c9ab47f0"
"1158469","1","1","1","a8f39c51-e512-11ec-9416-9440c9ab47f0"
"1158469","1","1","4","a8f3a9c4-e512-11ec-9416-9440c9ab47f0"
"1158938","1","1","4","9d07baec-e512-11ec-9416-9440c9ab47f0"
"1158939","1","1","4","9d9f9c98-e512-11ec-9416-9440c9ab47f0"
"1158941","1","1","4","8aebac5a-e512-11ec-9416-9440c9ab47f0"
"1158942","1","1","4","946c5187-e512-11ec-9416-9440c9ab47f0"
"1158943","1","1","4","a082fb66-e512-11ec-9416-9440c9ab47f0"
"1158947","1","1","4","9174ced8-e512-11ec-9416-9440c9ab47f0"
"1158952","1","1","4","8d6d7c6a-e512-11ec-9416-9440c9ab47f0"
"1158955","1","1","-66","a88aae55-e512-11ec-9416-9440c9ab47f0"
"1159028","1","1","-66","c5463348-e5db-11ec-9416-9440c9ab47f0"
"1159032","1","1","-66","d4b70dee-e5db-11ec-9416-9440c9ab47f0"
"1159036","1","1","4","d6887356-e5db-11ec-9416-9440c9ab47f0"
"1159172","1","1","-66","dac4541d-e5db-11ec-9416-9440c9ab47f0"
"1159182","1","1","-66","da695c06-e5db-11ec-9416-9440c9ab47f0"
"1159187","1","1","-66","c0cc4d12-e5db-11ec-9416-9440c9ab47f0"
"1159188","1","1","-66","c56ab329-e5db-11ec-9416-9440c9ab47f0"
"1159194","1","1","-66","c679e19d-e5db-11ec-9416-9440c9ab47f0"
"1159195","1","1","-66","d0c7381e-e5db-11ec-9416-9440c9ab47f0"
"1159198","1","1","-66","bcda5694-e5db-11ec-9416-9440c9ab47f0"
"1159199","1","1","1","da1f3aa3-e5db-11ec-9416-9440c9ab47f0"
"1159199","1","1","4","da1f2e23-e5db-11ec-9416-9440c9ab47f0"
"1159201","1","1","1","da9c0816-e5db-11ec-9416-9440c9ab47f0"
"1159205","1","1","-66","cdb4d8c5-e5db-11ec-9416-9440c9ab47f0"
"1159207","1","1","4","c1e6018d-e5db-11ec-9416-9440c9ab47f0"
"1159208","1","1","4","c47d8169-e5db-11ec-9416-9440c9ab47f0"
"1159210","1","1","4","b9bf02cd-e5db-11ec-9416-9440c9ab47f0"
"1159211","1","1","4","df623556-e5db-11ec-9416-9440c9ab47f0"
"1159216","1","1","4","d64680d9-e5db-11ec-9416-9440c9ab47f0"
"1159224","1","1","4","db60e2f9-e5db-11ec-9416-9440c9ab47f0"
"1159236","1","1","1","d865230b-e5db-11ec-9416-9440c9ab47f0"
"1159237","1","1","3","da6e6ca2-e5db-11ec-9416-9440c9ab47f0"
"1159237","1","1","4","da6e7c12-e5db-11ec-9416-9440c9ab47f0"
"1159238","1","1","4","d9750481-e5db-11ec-9416-9440c9ab47f0"
"1159239","1","1","1","dd763ada-e5db-11ec-9416-9440c9ab47f0"
"1159239","1","1","3","dd76500c-e5db-11ec-9416-9440c9ab47f0"
"1159239","1","1","4","dd7645a3-e5db-11ec-9416-9440c9ab47f0"
"1159240","1","1","3","d8901dd6-e5db-11ec-9416-9440c9ab47f0"
"1159240","1","1","4","d890124e-e5db-11ec-9416-9440c9ab47f0"
"1159241","1","1","3","c40b4768-e5db-11ec-9416-9440c9ab47f0"
"1159241","1","1","4","c40b560e-e5db-11ec-9416-9440c9ab47f0"
"1159244","1","1","3","d55955c6-e5db-11ec-9416-9440c9ab47f0"
"1159244","1","1","4","d55947a7-e5db-11ec-9416-9440c9ab47f0"
"1159348","1","1","-66","b8ecd274-e5db-11ec-9416-9440c9ab47f0"
"1159367","1","1","4","bd17f469-e5db-11ec-9416-9440c9ab47f0"
"1159369","1","1","4","d9c3b573-e5db-11ec-9416-9440c9ab47f0"
"1159832","1","1","-66","eb8a563b-e6a4-11ec-9416-9440c9ab47f0"
"1159833","1","1","-66","03308b2f-e6a5-11ec-9416-9440c9ab47f0"
"1159866","1","1","-66","009b1a96-e6a5-11ec-9416-9440c9ab47f0"
"1159872","1","1","-66","f9dc6584-e6a4-11ec-9416-9440c9ab47f0"
"1159873","1","1","1","e005878d-e6a4-11ec-9416-9440c9ab47f0"
"1159874","1","1","-66","0159e16c-e6a5-11ec-9416-9440c9ab47f0"
"1159875","1","1","-66","e7cab958-e6a4-11ec-9416-9440c9ab47f0"
"1159878","1","1","-66","03eb9e89-e6a5-11ec-9416-9440c9ab47f0"
"1159892","1","1","-66","fc71eb6f-e6a4-11ec-9416-9440c9ab47f0"
"1159908","1","1","4","f46246c9-e6a4-11ec-9416-9440c9ab47f0"
"1159911","1","1","4","fce7b9d2-e6a4-11ec-9416-9440c9ab47f0"
"1159913","1","1","1","e83ec41c-e6a4-11ec-9416-9440c9ab47f0"
"1159913","1","1","4","e83eb76a-e6a4-11ec-9416-9440c9ab47f0"
"1159957","1","1","1","f02a0d35-e6a4-11ec-9416-9440c9ab47f0"
"1159967","1","1","1","02720235-e6a5-11ec-9416-9440c9ab47f0"
"1159969","1","1","-66","08a7b4b0-e6a5-11ec-9416-9440c9ab47f0"
"1160111","1","1","1","1e24c4a1-e76e-11ec-9416-9440c9ab47f0"
"1160133","1","1","-66","3195614b-e76e-11ec-9416-9440c9ab47f0"
"1160135","1","1","-66","15cc05ae-e76e-11ec-9416-9440c9ab47f0"
"1160139","1","1","-66","1ff41847-e76e-11ec-9416-9440c9ab47f0"
"1160148","1","1","3","0ab3316e-e76e-11ec-9416-9440c9ab47f0"
"1160148","1","1","4","0ab3221a-e76e-11ec-9416-9440c9ab47f0"
"1160153","1","1","4","1f9610d8-e76e-11ec-9416-9440c9ab47f0"
"1160157","1","1","1","2f9d2be6-e76e-11ec-9416-9440c9ab47f0"
"1160159","1","1","1","22710d80-e76e-11ec-9416-9440c9ab47f0"
"1160179","1","1","1","2e72479a-e76e-11ec-9416-9440c9ab47f0"
"1160184","1","1","3","1ee94e0b-e76e-11ec-9416-9440c9ab47f0"
"1160184","1","1","4","1ee93ff3-e76e-11ec-9416-9440c9ab47f0"
"1160191","1","1","3","37b76fa0-e76e-11ec-9416-9440c9ab47f0"
"1160191","1","1","4","37b75f1c-e76e-11ec-9416-9440c9ab47f0"
"1160192","1","1","3","275c651b-e76e-11ec-9416-9440c9ab47f0"
"1160192","1","1","4","275c7121-e76e-11ec-9416-9440c9ab47f0"
"1160423","1","1","4","3c7d6e84-e837-11ec-9416-9440c9ab47f0"
"1160426","1","1","-66","3d8f4716-e837-11ec-9416-9440c9ab47f0"
"1160511","1","1","4","63eff460-e837-11ec-9416-9440c9ab47f0"
"1160688","1","1","-66","5601b0b3-e837-11ec-9416-9440c9ab47f0"
"1160691","1","1","-66","41fc8f77-e837-11ec-9416-9440c9ab47f0"
"1160692","1","1","-66","5455efad-e837-11ec-9416-9440c9ab47f0"
"1160693","1","1","1","4998f6d0-e837-11ec-9416-9440c9ab47f0"
"1160695","1","1","1","63f508c3-e837-11ec-9416-9440c9ab47f0"
"1160696","1","1","-66","385e1e66-e837-11ec-9416-9440c9ab47f0"
"1160698","1","1","-66","5801b220-e837-11ec-9416-9440c9ab47f0"
"1160700","1","1","-66","3b0a50a7-e837-11ec-9416-9440c9ab47f0"
"1160701","1","1","-66","58f2a2fc-e837-11ec-9416-9440c9ab47f0"
"1160702","1","1","1","63cefef0-e837-11ec-9416-9440c9ab47f0"
"1160703","1","1","-66","4d045ccb-e837-11ec-9416-9440c9ab47f0"
"1160705","1","1","1","4f964ff2-e837-11ec-9416-9440c9ab47f0"
"1160708","1","1","-66","563dd571-e837-11ec-9416-9440c9ab47f0"
"1160712","1","1","-66","44a77125-e837-11ec-9416-9440c9ab47f0"
"1160713","1","1","-66","5425a58a-e837-11ec-9416-9440c9ab47f0"
"1160741","1","1","1","3cc1b88c-e837-11ec-9416-9440c9ab47f0"
"1160783","1","1","-66","e67e0c93-eb5b-11ec-9416-9440c9ab47f0"
"1160790","1","1","4","146ec6f8-eb5c-11ec-9416-9440c9ab47f0"
"1160793","1","1","4","eb997999-eb5b-11ec-9416-9440c9ab47f0"
"1160813","1","1","4","ef0a1936-eb5b-11ec-9416-9440c9ab47f0"
"1160815","1","1","4","fb224c50-eb5b-11ec-9416-9440c9ab47f0"
"1160845","1","1","-66","367f0b57-e837-11ec-9416-9440c9ab47f0"
"1161093","1","1","3","8c604e04-e900-11ec-9416-9440c9ab47f0"
"1161093","1","1","4","8c6059fa-e900-11ec-9416-9440c9ab47f0"
"1161340","1","1","-66","6e8977b5-e900-11ec-9416-9440c9ab47f0"
"1161604","1","1","-66","a9252cd0-e9c9-11ec-9416-9440c9ab47f0"
"1161611","1","1","4","93d64a12-e9c9-11ec-9416-9440c9ab47f0"
"1162002","1","1","4","db75a5ac-ea92-11ec-9416-9440c9ab47f0"
"1162004","1","1","4","cee7e838-ea92-11ec-9416-9440c9ab47f0"
"1162018","1","1","1","cd49fb7f-ea92-11ec-9416-9440c9ab47f0"
"1162018","1","1","4","cd4a07b8-ea92-11ec-9416-9440c9ab47f0"
"1162020","1","1","4","bd2b99bc-ea92-11ec-9416-9440c9ab47f0"
"1162021","1","1","4","d5d2ab04-ea92-11ec-9416-9440c9ab47f0"
"1162084","1","1","1","bdc6b398-ea92-11ec-9416-9440c9ab47f0"
"1162232","1","1","1","e6dadbf0-eb5b-11ec-9416-9440c9ab47f0"
"1162236","1","1","1","0704b6c6-eb5c-11ec-9416-9440c9ab47f0"
"1162505","1","1","-66","10de16e9-eb5c-11ec-9416-9440c9ab47f0"
"1162572","1","1","1","0f69c78e-eb5c-11ec-9416-9440c9ab47f0"
"1162576","1","1","4","0e8a7409-eb5c-11ec-9416-9440c9ab47f0"
"1162582","1","1","1","14c83f60-eb5c-11ec-9416-9440c9ab47f0"
"1162582","1","1","4","14c84e03-eb5c-11ec-9416-9440c9ab47f0"
"1162586","1","1","4","05cf2f10-eb5c-11ec-9416-9440c9ab47f0"
"1162588","1","1","4","f1789487-eb5b-11ec-9416-9440c9ab47f0"
"1162591","1","1","1","1138332f-eb5c-11ec-9416-9440c9ab47f0"
"1162622","1","1","4","047d2c20-eb5c-11ec-9416-9440c9ab47f0"
"1162623","1","1","4","1479ff08-eb5c-11ec-9416-9440c9ab47f0"
"1162628","1","1","-66","062f4d38-eb5c-11ec-9416-9440c9ab47f0"
"1162637","1","1","1","161ff4d4-eb5c-11ec-9416-9440c9ab47f0"
"1162639","1","1","3","f4b2c450-eb5b-11ec-9416-9440c9ab47f0"
"1162639","1","1","4","f4b2cf96-eb5b-11ec-9416-9440c9ab47f0"
"1162644","1","1","1","0051c9ad-eb5c-11ec-9416-9440c9ab47f0"
"1162647","1","1","4","0e17b39e-eb5c-11ec-9416-9440c9ab47f0"
"1162649","1","1","1","00b68cfa-eb5c-11ec-9416-9440c9ab47f0"
"1162650","1","1","1","fb32ded8-eb5b-11ec-9416-9440c9ab47f0"
"1162681","1","1","-66","f3de3720-eb5b-11ec-9416-9440c9ab47f0"
"1162682","1","1","-66","0ad6c6c6-eb5c-11ec-9416-9440c9ab47f0"
"1162692","1","1","-66","156813b4-eb5c-11ec-9416-9440c9ab47f0"
"1162695","1","1","1","17cebbec-eb5c-11ec-9416-9440c9ab47f0"
"1162775","1","1","-66","89d0b1c1-ebad-11ec-9416-9440c9ab47f0"
"1162779","1","1","-66","8006926f-ebad-11ec-9416-9440c9ab47f0"
"1162781","1","1","-66","78a25da7-ebad-11ec-9416-9440c9ab47f0"
"1162783","1","1","-66","78270437-ebad-11ec-9416-9440c9ab47f0"
"1162786","1","1","-66","82098dc2-ebad-11ec-9416-9440c9ab47f0"
"1162787","1","1","-66","85e4ff69-ebad-11ec-9416-9440c9ab47f0"
"1162788","1","1","-66","77145a1c-ebad-11ec-9416-9440c9ab47f0"
"1162790","1","1","-66","89e9f5e9-ebad-11ec-9416-9440c9ab47f0"
"1162791","1","1","-66","60091870-ebad-11ec-9416-9440c9ab47f0"
"1162881","1","1","4","2cb0d77f-ec25-11ec-9416-9440c9ab47f0"
"1162883","1","1","4","161b26b2-ec25-11ec-9416-9440c9ab47f0"
"1162896","1","1","4","2558e04b-ec25-11ec-9416-9440c9ab47f0"
"1162904","1","1","1","1b27760f-ec25-11ec-9416-9440c9ab47f0"
"1162905","1","1","-66","2f0afb47-ec25-11ec-9416-9440c9ab47f0"
"1162932","1","1","4","3b4fdf1c-ec25-11ec-9416-9440c9ab47f0"
"1162937","1","1","4","2a8e24f5-ec25-11ec-9416-9440c9ab47f0"
"1162941","1","1","4","3ca7056d-ec25-11ec-9416-9440c9ab47f0"
"1162952","1","1","-66","2c691015-ec25-11ec-9416-9440c9ab47f0"
"1162968","1","1","4","3f1cd64a-ec25-11ec-9416-9440c9ab47f0"
"1162969","1","1","4","36c35094-ec25-11ec-9416-9440c9ab47f0"
"1162972","1","1","3","24d4844a-ec25-11ec-9416-9440c9ab47f0"
"1162972","1","1","4","24d47821-ec25-11ec-9416-9440c9ab47f0"
"1162975","1","1","3","140b30db-ec25-11ec-9416-9440c9ab47f0"
"1162975","1","1","4","140b0e3a-ec25-11ec-9416-9440c9ab47f0"
"1162977","1","1","3","12b226a2-ec25-11ec-9416-9440c9ab47f0"
"1162982","1","1","3","1a84e629-ec25-11ec-9416-9440c9ab47f0"
"1162982","1","1","4","1a84da45-ec25-11ec-9416-9440c9ab47f0"
"1162985","1","1","1","38989971-ec25-11ec-9416-9440c9ab47f0"
"1167775","1","1","1","4511255a-f1a5-11ec-80af-9440c9ab47f0"
"1167780","1","1","1","5a8f0ae1-f1a5-11ec-80af-9440c9ab47f0"
"1178760","1","1","-66","93bcd5b2-0613-11ed-93e8-9440c9aa2200"
"1178761","1","1","-66","a4c4b2c6-0613-11ed-93e8-9440c9aa2200"
"1182552","1","1","-66","9037f47d-0a01-11ed-93e8-9440c9aa2200"
"1183034","1","1","4","9e2262a4-0aca-11ed-93e8-9440c9aa2200"
"1183035","1","1","1","a014b57c-0aca-11ed-93e8-9440c9aa2200"
"1183045","1","1","-66","a6f771bb-0aca-11ed-93e8-9440c9aa2200"
"1183365","1","1","1","bcd330dd-0b93-11ed-93e8-9440c9aa2200"
"1183530","1","1","1","bdeb720a-0b93-11ed-93e8-9440c9aa2200"
"1185854","1","1","-66","98a7d05c-0f81-11ed-93e8-9440c9aa2200"
"1185856","1","1","-66","9616b2db-0f81-11ed-93e8-9440c9aa2200"
"1185857","1","1","-66","b2412fc7-0f81-11ed-93e8-9440c9aa2200"
"1185859","1","1","-66","887b8ecf-0f81-11ed-93e8-9440c9aa2200"
"1185860","1","1","-66","aeb0c47d-0f81-11ed-93e8-9440c9aa2200"
"1185861","1","1","-66","b1fa789a-0f81-11ed-93e8-9440c9aa2200"
"1185868","1","1","-66","ad514163-0f81-11ed-93e8-9440c9aa2200"
"1215647","1","1","4","aff2e85a-4427-11ed-924d-040300000000"
"1215654","1","1","1","a71a0b62-4427-11ed-924d-040300000000"
"1215661","1","1","1","a6732f2d-4427-11ed-924d-040300000000"
"1215663","1","1","1","9a7c6457-4427-11ed-924d-040300000000"
"1215950","1","1","4","e8ccd2c3-44f0-11ed-924d-040300000000"
"1215952","1","1","4","099efcc9-44f1-11ed-924d-040300000000"
"1217219","1","1","1","ba84eb79-48de-11ed-924d-040300000000"
"1217221","1","1","1","c37f065c-48de-11ed-924d-040300000000"
"1217228","1","1","1","a7f876f0-48de-11ed-924d-040300000000"
"1217229","1","1","1","a85d1a08-48de-11ed-924d-040300000000"
"1217234","1","1","-66","c1dd17c5-48de-11ed-924d-040300000000"
"1217874","1","1","1","dd41f2c3-49a7-11ed-924d-040300000000"
"1217874","1","1","4","dd41fd77-49a7-11ed-924d-040300000000"
"1217875","1","1","1","de74809d-49a7-11ed-924d-040300000000"
"1217875","1","1","4","de7487a5-49a7-11ed-924d-040300000000"
"1217894","1","1","4","f6df1c2e-49a7-11ed-924d-040300000000"
"1218354","1","1","1","5e9dff29-4a71-11ed-924d-040300000000"
"1218423","1","1","1","44b1c3d9-4a71-11ed-924d-040300000000"
"1219125","1","1","-66","32c2fd6c-4b3a-11ed-924d-040300000000"
"1219145","1","1","-66","54b2ebcb-4b3a-11ed-924d-040300000000"
"1219315","1","1","-66","6fd1e13e-4c03-11ed-924d-040300000000"
"1219319","1","1","-66","8b7723e4-4c03-11ed-924d-040300000000"
"1219353","1","1","1","91bba071-4c03-11ed-924d-040300000000"
"1219374","1","1","4","7914f89d-4c03-11ed-924d-040300000000"
"1219425","1","1","1","790971e5-4c03-11ed-924d-040300000000"
"1219431","1","1","-66","66aa66c1-4c03-11ed-924d-040300000000"
"1219608","1","1","1","7408b045-4c03-11ed-924d-040300000000"
"1219832","1","1","1","977f5a51-4ccc-11ed-924d-040300000000"
"1219932","1","1","-66","916cc24d-4ccc-11ed-924d-040300000000"
"1220129","1","1","1","9fe60aeb-4ccc-11ed-924d-040300000000"
"1220129","1","1","3","9fe61562-4ccc-11ed-924d-040300000000"
"1220131","1","1","1","91066a8f-4ccc-11ed-924d-040300000000"
"1221175","1","1","1","190063cb-4e5f-11ed-924d-040300000000"
"1222017","1","1","4","fdf7072e-4f27-11ed-924d-040300000000"
"1222018","1","1","1","0e7e9e06-4f28-11ed-924d-040300000000"
"1222018","1","1","4","0e7ebf33-4f28-11ed-924d-040300000000"
"1222019","1","1","1","2272671a-4f28-11ed-924d-040300000000"
"1222019","1","1","4","2272706b-4f28-11ed-924d-040300000000"
"1222021","1","1","1","f8c496ba-4f27-11ed-924d-040300000000"
"1222393","1","1","1","3feb175e-4ff1-11ed-924d-040300000000"
"1222399","1","1","-66","335bcbfd-4ff1-11ed-924d-040300000000"
"1222658","1","1","-66","533d6cb4-4ff1-11ed-924d-040300000000"
"1222670","1","1","-66","388be207-4ff1-11ed-924d-040300000000"
"1222674","1","1","-66","2b76c8d8-4ff1-11ed-924d-040300000000"
"1222824","1","1","-66","266de2c0-4ff1-11ed-924d-040300000000"
"1222825","1","1","-66","2ab865ca-4ff1-11ed-924d-040300000000"
"1223297","1","1","1","5d3639b7-50ba-11ed-924d-040300000000"
"1223916","1","1","-66","9c8858bb-5183-11ed-924d-040300000000"
"1224146","1","1","1","90392bad-5183-11ed-924d-040300000000"
"1224146","1","1","4","903933f0-5183-11ed-924d-040300000000"
"1224971","1","1","1","9cfe076e-524c-11ed-924d-040300000000"
"1226957","1","1","4","0b04c1d5-53df-11ed-924d-040300000000"
"1227155","1","1","4","53e8bbc1-54a8-11ed-924d-040300000000"
"1227856","1","1","-66","549c24f4-5571-11ed-924d-040300000000"
"1227866","1","1","1","694aaf46-5571-11ed-924d-040300000000"
"1227875","1","1","4","79ecb8a9-5571-11ed-924d-040300000000"
"1228120","1","1","4","5fe9b303-5571-11ed-924d-040300000000"
"1228123","1","1","1","7442e5a5-5571-11ed-924d-040300000000"
"1228123","1","1","4","7442dafb-5571-11ed-924d-040300000000"
"1228815","1","1","-66","a29e81b1-5703-11ed-924d-040300000000"
"1228815","1","1","1","a29e8b9b-5703-11ed-924d-040300000000"
"1228817","1","1","-66","ec1083a5-5703-11ed-924d-040300000000"
